discount,explorationProb,step_size,num_sample_starts,step_multiplier,runtime,maze
0.92,0.49,0.65,3,10,0.005507230758666992,maze970_dim25.txt
0.96,0.6,0.71,16,10,0.005548238754272461,maze970_dim25.txt
0.92,0.59,0.25,12,12,0.005568265914916992,maze970_dim25.txt
0.85,0.55,0.37,8,15,0.005631923675537109,maze970_dim25.txt
0.98,0.46,0.74,3,18,0.006036043167114258,maze970_dim25.txt
0.83,0.4,0.31,9,15,0.0055735111236572266,maze970_dim25.txt
0.84,0.3,0.54,12,18,0.0057604312896728516,maze970_dim25.txt
0.94,0.51,0.75,6,15,0.0064885616302490234,maze970_dim25.txt
0.95,0.58,0.21,14,8,0.005526304244995117,maze970_dim25.txt
0.85,0.35,0.22,10,8,0.005465269088745117,maze970_dim25.txt
1.0,0.46,0.72,11,6,0.005478620529174805,maze970_dim25.txt
0.99,0.36,0.55,10,18,0.005509376525878906,maze970_dim25.txt
0.83,0.33,0.31,17,19,0.0059223175048828125,maze970_dim25.txt
0.97,0.19,0.81,10,17,0.005579471588134766,maze970_dim25.txt
0.91,0.68,0.87,9,16,0.005897998809814453,maze970_dim25.txt
0.93,0.51,0.34,8,5,0.0055081844329833984,maze970_dim25.txt
0.83,0.31,0.89,9,7,0.005526065826416016,maze970_dim25.txt
0.88,0.69,0.13,18,8,0.0056018829345703125,maze970_dim25.txt
0.82,0.53,0.22,7,7,0.006318330764770508,maze970_dim25.txt
0.87,0.3,0.43,8,6,0.005368232727050781,maze970_dim25.txt
0.8,0.12,0.49,17,14,0.005455493927001953,maze970_dim25.txt
0.88,0.59,0.19,20,16,0.005963802337646484,maze970_dim25.txt
0.81,0.42,0.44,6,7,0.005445003509521484,maze970_dim25.txt
0.95,0.4,0.7,9,10,0.0054552555084228516,maze970_dim25.txt
0.93,0.16,0.24,17,9,0.005506992340087891,maze970_dim25.txt
0.92,0.17,0.43,17,6,0.005436897277832031,maze970_dim25.txt
0.94,0.25,0.29,10,5,0.005535125732421875,maze970_dim25.txt
0.84,0.56,0.12,9,16,0.005633354187011719,maze970_dim25.txt
0.93,0.3,0.6,9,18,0.0055887699127197266,maze970_dim25.txt
0.95,0.27,0.52,4,19,0.00553131103515625,maze970_dim25.txt
0.83,0.52,0.66,20,9,0.002128124237060547,maze1443_dim16.txt
0.93,0.58,0.46,11,13,0.002232074737548828,maze1443_dim16.txt
0.86,0.12,0.57,14,5,0.002207517623901367,maze1443_dim16.txt
1.0,0.65,0.31,5,18,0.0021321773529052734,maze1443_dim16.txt
0.88,0.61,0.8,20,19,0.002306699752807617,maze1443_dim16.txt
0.82,0.61,0.45,19,6,0.002278566360473633,maze1443_dim16.txt
0.86,0.7,0.9,17,14,0.002166748046875,maze1443_dim16.txt
0.99,0.2,0.25,5,10,0.00203704833984375,maze1443_dim16.txt
0.9,0.68,0.86,17,10,0.002189159393310547,maze1443_dim16.txt
0.8,0.29,0.22,18,17,0.0021610260009765625,maze1443_dim16.txt
0.84,0.35,0.7,19,11,0.0021157264709472656,maze1443_dim16.txt
0.9,0.56,0.45,4,9,0.0021514892578125,maze1443_dim16.txt
0.81,0.42,0.34,19,20,0.0022797584533691406,maze1443_dim16.txt
0.87,0.36,0.61,17,6,0.002084016799926758,maze1443_dim16.txt
0.9,0.11,0.64,11,10,0.0020189285278320312,maze1443_dim16.txt
0.91,0.24,0.4,18,10,0.002084970474243164,maze1443_dim16.txt
0.99,0.48,0.29,6,9,0.002155780792236328,maze1443_dim16.txt
0.82,0.46,0.59,13,19,0.002130270004272461,maze1443_dim16.txt
0.92,0.41,0.65,16,16,0.002164602279663086,maze1443_dim16.txt
0.98,0.49,0.57,14,13,0.0022630691528320312,maze1443_dim16.txt
0.93,0.6,0.82,14,18,0.002200603485107422,maze1443_dim16.txt
0.99,0.22,0.76,14,13,0.0020973682403564453,maze1443_dim16.txt
0.9,0.66,0.19,10,6,0.0020475387573242188,maze1443_dim16.txt
1.0,0.41,0.48,12,6,0.002093791961669922,maze1443_dim16.txt
1.0,0.37,0.43,3,15,0.002128124237060547,maze1443_dim16.txt
0.81,0.25,0.78,4,13,0.0021207332611083984,maze1443_dim16.txt
0.84,0.57,0.24,13,8,0.002080678939819336,maze1443_dim16.txt
0.94,0.16,0.78,12,19,0.00246429443359375,maze1443_dim16.txt
0.85,0.19,0.59,15,18,0.0020906925201416016,maze1443_dim16.txt
0.82,0.14,0.87,18,10,0.002089977264404297,maze1443_dim16.txt
0.94,0.11,0.17,8,16,0.0017364025115966797,maze1384_dim14.txt
0.96,0.23,0.67,11,13,0.002056121826171875,maze1384_dim14.txt
0.99,0.23,0.38,6,5,0.0016088485717773438,maze1384_dim14.txt
0.91,0.68,0.76,15,10,0.0017409324645996094,maze1384_dim14.txt
0.84,0.66,0.13,14,14,0.0017397403717041016,maze1384_dim14.txt
0.86,0.41,0.5,4,16,0.001638174057006836,maze1384_dim14.txt
0.91,0.33,0.48,10,9,0.0016853809356689453,maze1384_dim14.txt
0.86,0.31,0.27,4,18,0.001651763916015625,maze1384_dim14.txt
0.84,0.69,0.25,8,16,0.0017442703247070312,maze1384_dim14.txt
0.97,0.41,0.55,13,6,0.0017087459564208984,maze1384_dim14.txt
1.0,0.67,0.7,5,9,0.001641988754272461,maze1384_dim14.txt
1.0,0.16,0.23,4,11,0.0016372203826904297,maze1384_dim14.txt
0.84,0.18,0.8,11,16,0.0016887187957763672,maze1384_dim14.txt
0.83,0.64,0.67,7,10,0.0017676353454589844,maze1384_dim14.txt
0.8,0.67,0.24,17,19,0.0016634464263916016,maze1384_dim14.txt
0.99,0.15,0.3,19,8,0.0015995502471923828,maze1384_dim14.txt
0.99,0.12,0.32,18,10,0.0015816688537597656,maze1384_dim14.txt
0.88,0.59,0.26,14,19,0.001697540283203125,maze1384_dim14.txt
0.83,0.69,0.52,15,9,0.0016636848449707031,maze1384_dim14.txt
0.94,0.61,0.67,13,10,0.0018382072448730469,maze1384_dim14.txt
0.99,0.69,0.43,3,7,0.0016551017761230469,maze1384_dim14.txt
0.95,0.55,0.27,13,19,0.0017914772033691406,maze1384_dim14.txt
0.83,0.13,0.9,14,18,0.001707315444946289,maze1384_dim14.txt
0.81,0.69,0.53,5,12,0.0017006397247314453,maze1384_dim14.txt
0.98,0.35,0.17,15,17,0.001707315444946289,maze1384_dim14.txt
0.94,0.16,0.61,13,18,0.0016391277313232422,maze1384_dim14.txt
0.8,0.14,0.86,16,15,0.0017044544219970703,maze1384_dim14.txt
0.98,0.19,0.75,14,7,0.0016474723815917969,maze1384_dim14.txt
0.86,0.52,0.16,16,20,0.0017497539520263672,maze1384_dim14.txt
0.94,0.48,0.12,15,10,0.0017313957214355469,maze1384_dim14.txt
0.9,0.13,0.71,14,16,0.016602516174316406,maze1093_dim43.txt
1.0,0.58,0.29,5,15,0.017388343811035156,maze1093_dim43.txt
0.9,0.33,0.81,8,11,0.016620159149169922,maze1093_dim43.txt
0.95,0.1,0.59,7,11,0.016340970993041992,maze1093_dim43.txt
0.94,0.68,0.88,10,18,0.017868995666503906,maze1093_dim43.txt
0.9,0.5,0.44,9,17,0.017091989517211914,maze1093_dim43.txt
0.81,0.42,0.11,8,19,0.01733994483947754,maze1093_dim43.txt
0.88,0.61,0.4,17,20,0.01822519302368164,maze1093_dim43.txt
0.8,0.12,0.8,16,11,0.016365528106689453,maze1093_dim43.txt
0.98,0.4,0.78,19,7,0.017156124114990234,maze1093_dim43.txt
0.99,0.6,0.74,3,11,0.017490148544311523,maze1093_dim43.txt
0.84,0.21,0.58,11,5,0.017013072967529297,maze1093_dim43.txt
0.81,0.26,0.71,19,18,0.016698122024536133,maze1093_dim43.txt
0.89,0.1,0.7,12,15,0.016582965850830078,maze1093_dim43.txt
0.93,0.5,0.31,19,6,0.01669764518737793,maze1093_dim43.txt
0.96,0.2,0.42,4,9,0.016863584518432617,maze1093_dim43.txt
0.94,0.38,0.55,4,8,0.017714500427246094,maze1093_dim43.txt
0.91,0.64,0.29,18,5,0.0175931453704834,maze1093_dim43.txt
0.86,0.61,0.15,7,20,0.01800370216369629,maze1093_dim43.txt
0.8,0.65,0.72,17,7,0.017382383346557617,maze1093_dim43.txt
0.93,0.51,0.58,20,11,0.017318010330200195,maze1093_dim43.txt
0.95,0.51,0.7,8,7,0.016892671585083008,maze1093_dim43.txt
0.95,0.43,0.85,5,9,0.017803668975830078,maze1093_dim43.txt
0.96,0.16,0.23,20,5,0.01669764518737793,maze1093_dim43.txt
0.81,0.42,0.58,12,15,0.017266511917114258,maze1093_dim43.txt
0.96,0.45,0.32,19,19,0.017688751220703125,maze1093_dim43.txt
0.99,0.45,0.15,15,8,0.0166018009185791,maze1093_dim43.txt
0.91,0.18,0.13,14,16,0.016855716705322266,maze1093_dim43.txt
0.85,0.33,0.86,7,17,0.017041444778442383,maze1093_dim43.txt
0.93,0.57,0.36,7,7,0.01703476905822754,maze1093_dim43.txt
0.9,0.53,0.32,16,15,0.04833698272705078,maze462_dim75.txt
0.82,0.19,0.13,15,5,0.0484011173248291,maze462_dim75.txt
1.0,0.53,0.67,14,18,0.04842829704284668,maze462_dim75.txt
0.92,0.61,0.51,9,16,0.04801130294799805,maze462_dim75.txt
0.94,0.59,0.4,13,18,0.0467829704284668,maze462_dim75.txt
0.98,0.1,0.58,7,19,0.04694533348083496,maze462_dim75.txt
0.8,0.53,0.88,4,10,0.04695558547973633,maze462_dim75.txt
0.83,0.55,0.76,12,17,0.04991722106933594,maze462_dim75.txt
0.87,0.5,0.71,18,15,0.047063350677490234,maze462_dim75.txt
0.81,0.6,0.3,20,10,0.04700517654418945,maze462_dim75.txt
0.97,0.7,0.55,12,9,0.04935169219970703,maze462_dim75.txt
0.9,0.26,0.34,14,18,0.04902219772338867,maze462_dim75.txt
0.99,0.54,0.22,3,20,0.04935884475708008,maze462_dim75.txt
0.89,0.28,0.8,3,8,0.047515869140625,maze462_dim75.txt
0.93,0.65,0.85,17,7,0.048583269119262695,maze462_dim75.txt
0.89,0.49,0.81,6,8,0.047403812408447266,maze462_dim75.txt
0.92,0.17,0.56,10,6,0.046256303787231445,maze462_dim75.txt
0.94,0.54,0.28,4,15,0.04759788513183594,maze462_dim75.txt
0.86,0.3,0.88,4,9,0.04670310020446777,maze462_dim75.txt
0.98,0.17,0.7,16,14,0.04967832565307617,maze462_dim75.txt
0.81,0.31,0.59,11,15,0.0491032600402832,maze462_dim75.txt
0.9,0.23,0.15,13,16,0.048078298568725586,maze462_dim75.txt
0.88,0.11,0.67,13,10,0.04778933525085449,maze462_dim75.txt
0.96,0.66,0.17,13,7,0.04797768592834473,maze462_dim75.txt
0.83,0.3,0.47,7,11,0.04894304275512695,maze462_dim75.txt
0.95,0.57,0.46,17,19,0.050429344177246094,maze462_dim75.txt
0.99,0.27,0.37,11,10,0.048342227935791016,maze462_dim75.txt
0.92,0.48,0.78,9,12,0.048545122146606445,maze462_dim75.txt
0.93,0.62,0.78,14,20,0.04839062690734863,maze462_dim75.txt
0.96,0.13,0.36,12,10,0.049135446548461914,maze462_dim75.txt
0.92,0.59,0.71,14,7,0.19993376731872559,maze373_dim147.txt
0.96,0.52,0.18,17,7,0.1962594985961914,maze373_dim147.txt
0.9,0.33,0.88,15,16,0.1959517002105713,maze373_dim147.txt
0.97,0.54,0.46,17,19,0.19679689407348633,maze373_dim147.txt
0.84,0.15,0.81,4,14,0.19923877716064453,maze373_dim147.txt
0.87,0.52,0.26,18,7,0.19873785972595215,maze373_dim147.txt
0.91,0.2,0.14,12,5,0.19489145278930664,maze373_dim147.txt
0.96,0.32,0.22,18,17,0.19777894020080566,maze373_dim147.txt
0.85,0.21,0.12,11,6,0.19838500022888184,maze373_dim147.txt
0.99,0.26,0.33,4,12,0.2005307674407959,maze373_dim147.txt
0.93,0.21,0.8,10,8,0.19683337211608887,maze373_dim147.txt
0.83,0.18,0.58,12,8,0.20282244682312012,maze373_dim147.txt
0.9,0.17,0.29,5,11,0.19884753227233887,maze373_dim147.txt
0.9,0.12,0.32,5,12,0.20334506034851074,maze373_dim147.txt
0.99,0.43,0.79,13,17,0.1967301368713379,maze373_dim147.txt
1.0,0.51,0.4,4,20,0.1996011734008789,maze373_dim147.txt
0.87,0.42,0.36,15,15,0.1955249309539795,maze373_dim147.txt
0.87,0.58,0.59,17,17,0.2006545066833496,maze373_dim147.txt
0.83,0.52,0.57,18,18,0.20075654983520508,maze373_dim147.txt
0.98,0.17,0.78,12,7,0.200056791305542,maze373_dim147.txt
0.81,0.33,0.42,10,17,0.1912071704864502,maze373_dim147.txt
0.91,0.35,0.55,10,11,0.2076113224029541,maze373_dim147.txt
0.86,0.32,0.53,13,6,0.1980137825012207,maze373_dim147.txt
0.91,0.18,0.22,3,12,0.19998788833618164,maze373_dim147.txt
0.83,0.18,0.63,18,15,0.20513486862182617,maze373_dim147.txt
0.87,0.53,0.8,6,5,0.2053372859954834,maze373_dim147.txt
0.82,0.44,0.52,19,6,0.19935035705566406,maze373_dim147.txt
0.85,0.42,0.22,19,11,0.19990181922912598,maze373_dim147.txt
0.97,0.39,0.36,19,19,0.19920825958251953,maze373_dim147.txt
0.89,0.42,0.19,15,6,0.19484901428222656,maze373_dim147.txt
0.82,0.51,0.23,18,12,0.08065080642700195,maze1339_dim95.txt
0.96,0.2,0.16,11,7,0.07908916473388672,maze1339_dim95.txt
0.96,0.66,0.61,14,6,0.07835221290588379,maze1339_dim95.txt
0.98,0.39,0.21,15,7,0.07971715927124023,maze1339_dim95.txt
0.81,0.19,0.68,19,14,0.08478975296020508,maze1339_dim95.txt
0.99,0.36,0.19,9,8,0.08328986167907715,maze1339_dim95.txt
0.92,0.22,0.47,8,6,0.08496785163879395,maze1339_dim95.txt
0.94,0.66,0.25,15,10,0.07658147811889648,maze1339_dim95.txt
0.99,0.66,0.41,12,12,0.07892608642578125,maze1339_dim95.txt
0.89,0.58,0.87,20,14,0.07974815368652344,maze1339_dim95.txt
0.88,0.13,0.76,13,5,0.07496309280395508,maze1339_dim95.txt
1.0,0.61,0.63,13,5,0.07653594017028809,maze1339_dim95.txt
0.9,0.24,0.57,16,11,0.07773804664611816,maze1339_dim95.txt
0.89,0.24,0.36,13,13,0.07676005363464355,maze1339_dim95.txt
0.88,0.61,0.2,12,6,0.08056521415710449,maze1339_dim95.txt
0.87,0.29,0.55,13,13,0.08659124374389648,maze1339_dim95.txt
0.88,0.32,0.71,5,19,0.0768592357635498,maze1339_dim95.txt
0.95,0.26,0.66,17,19,0.08090090751647949,maze1339_dim95.txt
0.97,0.29,0.4,15,20,0.07583379745483398,maze1339_dim95.txt
0.97,0.29,0.62,18,6,0.077484130859375,maze1339_dim95.txt
0.97,0.5,0.65,17,14,0.07833218574523926,maze1339_dim95.txt
0.92,0.34,0.85,19,16,0.07843232154846191,maze1339_dim95.txt
0.99,0.14,0.88,16,5,0.07995128631591797,maze1339_dim95.txt
0.91,0.24,0.13,3,20,0.07876729965209961,maze1339_dim95.txt
0.9,0.49,0.34,8,10,0.07984089851379395,maze1339_dim95.txt
0.88,0.63,0.21,8,9,0.07841038703918457,maze1339_dim95.txt
0.95,0.28,0.18,10,10,0.07932472229003906,maze1339_dim95.txt
0.85,0.57,0.24,8,14,0.07995915412902832,maze1339_dim95.txt
0.9,0.53,0.29,20,18,0.07926559448242188,maze1339_dim95.txt
0.91,0.3,0.2,8,18,0.0800628662109375,maze1339_dim95.txt
0.92,0.26,0.31,7,16,0.01933574676513672,maze1220_dim47.txt
0.87,0.33,0.17,15,7,0.019092798233032227,maze1220_dim47.txt
0.97,0.27,0.18,11,11,0.019417524337768555,maze1220_dim47.txt
0.92,0.35,0.59,20,12,0.0191648006439209,maze1220_dim47.txt
0.92,0.1,0.7,16,5,0.019495010375976562,maze1220_dim47.txt
0.82,0.33,0.16,18,20,0.019129514694213867,maze1220_dim47.txt
0.91,0.11,0.89,10,6,0.019458770751953125,maze1220_dim47.txt
0.97,0.25,0.36,8,11,0.019738197326660156,maze1220_dim47.txt
0.84,0.34,0.71,11,10,0.019854307174682617,maze1220_dim47.txt
0.8,0.33,0.22,9,6,0.019039630889892578,maze1220_dim47.txt
0.91,0.63,0.85,13,9,0.019081592559814453,maze1220_dim47.txt
0.88,0.3,0.17,7,20,0.019344806671142578,maze1220_dim47.txt
0.97,0.18,0.11,8,8,0.019301414489746094,maze1220_dim47.txt
0.98,0.52,0.22,9,14,0.019554853439331055,maze1220_dim47.txt
0.93,0.49,0.2,15,8,0.019364118576049805,maze1220_dim47.txt
0.88,0.13,0.14,10,5,0.019423484802246094,maze1220_dim47.txt
0.9,0.49,0.11,4,7,0.019046306610107422,maze1220_dim47.txt
0.96,0.52,0.57,6,5,0.02070760726928711,maze1220_dim47.txt
0.91,0.12,0.22,19,17,0.01912713050842285,maze1220_dim47.txt
0.87,0.13,0.61,11,9,0.018700838088989258,maze1220_dim47.txt
0.86,0.15,0.36,4,11,0.01896190643310547,maze1220_dim47.txt
0.97,0.3,0.13,10,13,0.018755197525024414,maze1220_dim47.txt
0.98,0.32,0.74,10,9,0.019750118255615234,maze1220_dim47.txt
0.96,0.53,0.12,17,18,0.019463300704956055,maze1220_dim47.txt
0.85,0.2,0.52,8,17,0.019216537475585938,maze1220_dim47.txt
0.88,0.55,0.13,19,18,0.019636869430541992,maze1220_dim47.txt
0.9,0.26,0.29,10,14,0.01891183853149414,maze1220_dim47.txt
0.89,0.11,0.85,6,11,0.0197298526763916,maze1220_dim47.txt
0.8,0.17,0.14,15,14,0.019044160842895508,maze1220_dim47.txt
0.88,0.62,0.32,13,9,0.0193631649017334,maze1220_dim47.txt
1.0,0.13,0.84,8,15,0.010280370712280273,maze320_dim33.txt
0.85,0.44,0.65,15,14,0.010131359100341797,maze320_dim33.txt
0.86,0.43,0.16,6,13,0.009540319442749023,maze320_dim33.txt
0.96,0.15,0.63,19,17,0.010418891906738281,maze320_dim33.txt
0.84,0.47,0.42,17,7,0.009368419647216797,maze320_dim33.txt
0.8,0.17,0.56,16,15,0.009683609008789062,maze320_dim33.txt
0.82,0.36,0.52,10,16,0.00964498519897461,maze320_dim33.txt
0.96,0.64,0.3,14,20,0.01111459732055664,maze320_dim33.txt
0.94,0.36,0.73,14,11,0.009638309478759766,maze320_dim33.txt
0.82,0.41,0.53,18,8,0.00953817367553711,maze320_dim33.txt
0.86,0.16,0.18,11,15,0.010263681411743164,maze320_dim33.txt
0.91,0.11,0.16,15,20,0.010081291198730469,maze320_dim33.txt
0.93,0.51,0.71,9,16,0.010074615478515625,maze320_dim33.txt
0.9,0.47,0.11,6,7,0.010706424713134766,maze320_dim33.txt
0.87,0.5,0.58,5,10,0.009827613830566406,maze320_dim33.txt
0.97,0.41,0.68,19,10,0.01051473617553711,maze320_dim33.txt
0.95,0.17,0.49,9,5,0.009491682052612305,maze320_dim33.txt
0.83,0.25,0.46,18,17,0.011015176773071289,maze320_dim33.txt
0.92,0.14,0.71,7,8,0.009461641311645508,maze320_dim33.txt
0.95,0.27,0.65,19,17,0.010673999786376953,maze320_dim33.txt
0.93,0.49,0.2,11,10,0.009667634963989258,maze320_dim33.txt
1.0,0.62,0.78,6,16,0.010193824768066406,maze320_dim33.txt
0.98,0.41,0.29,16,10,0.009443521499633789,maze320_dim33.txt
0.9,0.11,0.23,7,12,0.009438514709472656,maze320_dim33.txt
0.93,0.58,0.29,3,14,0.009670495986938477,maze320_dim33.txt
0.9,0.6,0.86,10,14,0.009866714477539062,maze320_dim33.txt
0.92,0.43,0.51,4,14,0.009977579116821289,maze320_dim33.txt
0.81,0.11,0.37,14,10,0.009470462799072266,maze320_dim33.txt
0.92,0.3,0.26,6,5,0.010607481002807617,maze320_dim33.txt
0.91,0.48,0.41,17,10,0.009840250015258789,maze320_dim33.txt
0.88,0.44,0.63,3,8,0.007762908935546875,maze804_dim30.txt
0.94,0.6,0.41,7,5,0.007832050323486328,maze804_dim30.txt
0.92,0.34,0.74,14,17,0.007980585098266602,maze804_dim30.txt
0.9,0.61,0.79,4,17,0.008159399032592773,maze804_dim30.txt
0.92,0.14,0.49,17,11,0.008484601974487305,maze804_dim30.txt
0.92,0.26,0.34,4,20,0.007952690124511719,maze804_dim30.txt
0.92,0.41,0.63,18,12,0.009150981903076172,maze804_dim30.txt
0.87,0.23,0.13,10,15,0.0076982975006103516,maze804_dim30.txt
0.89,0.55,0.53,4,7,0.007836341857910156,maze804_dim30.txt
0.81,0.42,0.57,10,11,0.00771331787109375,maze804_dim30.txt
1.0,0.18,0.77,10,8,0.007919549942016602,maze804_dim30.txt
0.9,0.35,0.3,15,6,0.007674455642700195,maze804_dim30.txt
0.84,0.43,0.16,14,17,0.007795810699462891,maze804_dim30.txt
0.81,0.62,0.39,19,5,0.007589101791381836,maze804_dim30.txt
0.89,0.22,0.15,9,9,0.0077228546142578125,maze804_dim30.txt
0.84,0.46,0.72,8,9,0.007774829864501953,maze804_dim30.txt
0.99,0.21,0.36,6,9,0.0075876712799072266,maze804_dim30.txt
0.9,0.36,0.44,7,14,0.00773310661315918,maze804_dim30.txt
0.95,0.62,0.5,6,19,0.007896661758422852,maze804_dim30.txt
0.92,0.35,0.36,17,16,0.007807493209838867,maze804_dim30.txt
0.86,0.11,0.52,4,9,0.008003711700439453,maze804_dim30.txt
1.0,0.7,0.28,8,10,0.007939815521240234,maze804_dim30.txt
0.98,0.33,0.34,8,9,0.007654905319213867,maze804_dim30.txt
0.86,0.32,0.32,15,17,0.0079193115234375,maze804_dim30.txt
0.89,0.49,0.73,3,5,0.007677793502807617,maze804_dim30.txt
0.84,0.11,0.5,13,14,0.007612466812133789,maze804_dim30.txt
0.98,0.34,0.69,11,16,0.007686614990234375,maze804_dim30.txt
0.88,0.26,0.15,4,19,0.008417844772338867,maze804_dim30.txt
0.84,0.62,0.89,9,19,0.008273124694824219,maze804_dim30.txt
0.95,0.32,0.68,16,11,0.007730960845947266,maze804_dim30.txt
0.91,0.12,0.49,7,18,0.024551868438720703,maze1199_dim50.txt
0.86,0.61,0.26,7,15,0.02338695526123047,maze1199_dim50.txt
0.98,0.37,0.54,8,10,0.021758079528808594,maze1199_dim50.txt
0.91,0.67,0.38,18,16,0.023053646087646484,maze1199_dim50.txt
0.98,0.63,0.5,19,19,0.023351669311523438,maze1199_dim50.txt
1.0,0.13,0.1,6,7,0.022026538848876953,maze1199_dim50.txt
0.84,0.48,0.6,3,5,0.021938085556030273,maze1199_dim50.txt
0.94,0.36,0.25,12,16,0.0228579044342041,maze1199_dim50.txt
0.85,0.41,0.69,11,6,0.02227473258972168,maze1199_dim50.txt
0.91,0.46,0.72,20,14,0.023027658462524414,maze1199_dim50.txt
0.88,0.15,0.12,18,14,0.022496700286865234,maze1199_dim50.txt
0.99,0.37,0.41,19,19,0.02261805534362793,maze1199_dim50.txt
0.82,0.23,0.37,16,10,0.022133588790893555,maze1199_dim50.txt
0.85,0.28,0.58,5,10,0.02254962921142578,maze1199_dim50.txt
0.84,0.17,0.13,6,7,0.022098064422607422,maze1199_dim50.txt
0.95,0.49,0.58,12,8,0.02233290672302246,maze1199_dim50.txt
0.94,0.46,0.61,20,14,0.022147655487060547,maze1199_dim50.txt
0.93,0.66,0.39,19,5,0.022528886795043945,maze1199_dim50.txt
1.0,0.16,0.82,5,5,0.021637916564941406,maze1199_dim50.txt
0.9,0.42,0.18,11,15,0.022156238555908203,maze1199_dim50.txt
0.95,0.18,0.84,4,9,0.022631168365478516,maze1199_dim50.txt
0.96,0.22,0.6,10,12,0.0238189697265625,maze1199_dim50.txt
0.96,0.31,0.2,13,14,0.022279977798461914,maze1199_dim50.txt
0.96,0.62,0.28,10,10,0.02389693260192871,maze1199_dim50.txt
0.83,0.22,0.65,14,6,0.024344682693481445,maze1199_dim50.txt
0.92,0.57,0.13,18,8,0.02178478240966797,maze1199_dim50.txt
0.98,0.35,0.56,5,14,0.022144556045532227,maze1199_dim50.txt
0.97,0.18,0.19,16,6,0.022458791732788086,maze1199_dim50.txt
0.8,0.11,0.67,14,14,0.02264714241027832,maze1199_dim50.txt
0.82,0.18,0.34,16,8,0.02287125587463379,maze1199_dim50.txt
0.91,0.5,0.51,4,16,0.03857541084289551,maze1291_dim66.txt
0.81,0.17,0.35,7,17,0.03917431831359863,maze1291_dim66.txt
0.94,0.17,0.47,14,6,0.03701639175415039,maze1291_dim66.txt
0.89,0.18,0.29,13,18,0.03759288787841797,maze1291_dim66.txt
0.81,0.56,0.14,20,5,0.0379483699798584,maze1291_dim66.txt
0.86,0.4,0.49,5,10,0.037734031677246094,maze1291_dim66.txt
0.86,0.35,0.71,18,18,0.03907918930053711,maze1291_dim66.txt
0.88,0.14,0.9,20,12,0.03744816780090332,maze1291_dim66.txt
0.88,0.47,0.58,9,13,0.03783392906188965,maze1291_dim66.txt
0.82,0.11,0.44,19,15,0.037607669830322266,maze1291_dim66.txt
0.85,0.37,0.77,10,20,0.03786873817443848,maze1291_dim66.txt
0.97,0.48,0.28,13,20,0.03869485855102539,maze1291_dim66.txt
0.91,0.13,0.55,13,19,0.037793874740600586,maze1291_dim66.txt
0.82,0.17,0.55,11,18,0.03780841827392578,maze1291_dim66.txt
0.93,0.1,0.44,8,8,0.037101030349731445,maze1291_dim66.txt
0.96,0.18,0.47,5,8,0.038064002990722656,maze1291_dim66.txt
0.97,0.31,0.27,3,14,0.038765907287597656,maze1291_dim66.txt
0.86,0.51,0.29,13,18,0.03803849220275879,maze1291_dim66.txt
0.94,0.38,0.61,5,6,0.038756608963012695,maze1291_dim66.txt
0.92,0.44,0.41,8,12,0.03819537162780762,maze1291_dim66.txt
1.0,0.38,0.33,10,12,0.03827238082885742,maze1291_dim66.txt
0.86,0.35,0.68,3,6,0.03728628158569336,maze1291_dim66.txt
0.98,0.56,0.59,12,14,0.03819131851196289,maze1291_dim66.txt
0.86,0.49,0.65,4,18,0.03744959831237793,maze1291_dim66.txt
0.92,0.52,0.86,4,6,0.039037466049194336,maze1291_dim66.txt
0.85,0.17,0.39,5,15,0.03821706771850586,maze1291_dim66.txt
0.87,0.59,0.65,19,20,0.03818345069885254,maze1291_dim66.txt
0.89,0.38,0.32,16,5,0.03802132606506348,maze1291_dim66.txt
0.96,0.3,0.37,15,14,0.03927969932556152,maze1291_dim66.txt
0.9,0.62,0.14,5,6,0.039139747619628906,maze1291_dim66.txt
0.84,0.19,0.12,7,7,0.03834342956542969,maze220_dim67.txt
0.85,0.35,0.82,18,19,0.03795194625854492,maze220_dim67.txt
0.96,0.14,0.13,11,7,0.03876090049743652,maze220_dim67.txt
0.99,0.55,0.23,5,12,0.037908315658569336,maze220_dim67.txt
0.96,0.13,0.55,6,13,0.038419246673583984,maze220_dim67.txt
0.95,0.69,0.33,7,6,0.03825068473815918,maze220_dim67.txt
0.96,0.67,0.15,16,5,0.038520097732543945,maze220_dim67.txt
0.91,0.27,0.3,15,8,0.03773951530456543,maze220_dim67.txt
0.98,0.65,0.63,10,11,0.03908276557922363,maze220_dim67.txt
0.87,0.12,0.19,12,14,0.03865480422973633,maze220_dim67.txt
0.95,0.61,0.27,20,6,0.038504600524902344,maze220_dim67.txt
0.99,0.55,0.81,12,17,0.039855003356933594,maze220_dim67.txt
0.97,0.69,0.83,20,20,0.03860139846801758,maze220_dim67.txt
0.88,0.23,0.83,17,7,0.03747105598449707,maze220_dim67.txt
0.85,0.11,0.23,11,16,0.037755727767944336,maze220_dim67.txt
0.81,0.1,0.36,17,14,0.038360595703125,maze220_dim67.txt
0.82,0.6,0.39,20,15,0.03904223442077637,maze220_dim67.txt
0.85,0.55,0.34,16,18,0.03820633888244629,maze220_dim67.txt
0.84,0.65,0.19,19,12,0.03836965560913086,maze220_dim67.txt
0.81,0.21,0.18,16,8,0.037672996520996094,maze220_dim67.txt
0.89,0.57,0.37,13,11,0.03802752494812012,maze220_dim67.txt
0.92,0.19,0.65,5,15,0.03776812553405762,maze220_dim67.txt
0.97,0.48,0.87,16,5,0.03823518753051758,maze220_dim67.txt
0.8,0.34,0.26,12,6,0.0381770133972168,maze220_dim67.txt
0.81,0.1,0.15,13,11,0.03913688659667969,maze220_dim67.txt
0.84,0.62,0.3,12,6,0.0374150276184082,maze220_dim67.txt
0.91,0.1,0.42,19,16,0.03877377510070801,maze220_dim67.txt
0.92,0.18,0.32,13,10,0.038729190826416016,maze220_dim67.txt
0.81,0.19,0.16,6,18,0.03878474235534668,maze220_dim67.txt
0.98,0.47,0.3,19,20,0.03728342056274414,maze220_dim67.txt
0.92,0.67,0.31,4,6,0.12879180908203125,maze1321_dim119.txt
0.99,0.11,0.79,6,7,0.12475109100341797,maze1321_dim119.txt
0.85,0.46,0.53,9,5,0.12550139427185059,maze1321_dim119.txt
0.97,0.34,0.86,20,15,0.1220541000366211,maze1321_dim119.txt
0.83,0.31,0.49,4,15,0.12540555000305176,maze1321_dim119.txt
0.85,0.32,0.66,15,19,0.12495851516723633,maze1321_dim119.txt
0.86,0.37,0.88,11,19,0.12438488006591797,maze1321_dim119.txt
0.94,0.46,0.52,14,15,0.1259448528289795,maze1321_dim119.txt
0.98,0.12,0.43,10,10,0.12469601631164551,maze1321_dim119.txt
0.86,0.3,0.59,20,15,0.12475967407226562,maze1321_dim119.txt
0.92,0.37,0.49,20,7,0.1254587173461914,maze1321_dim119.txt
0.94,0.66,0.13,7,19,0.12139391899108887,maze1321_dim119.txt
0.84,0.15,0.83,16,18,0.12143254280090332,maze1321_dim119.txt
0.95,0.55,0.23,13,10,0.12493562698364258,maze1321_dim119.txt
0.96,0.4,0.54,9,11,0.12671232223510742,maze1321_dim119.txt
0.95,0.44,0.23,7,6,0.12686753273010254,maze1321_dim119.txt
0.91,0.58,0.54,16,9,0.12418413162231445,maze1321_dim119.txt
0.81,0.53,0.3,11,8,0.12902259826660156,maze1321_dim119.txt
0.83,0.4,0.46,10,19,0.1289815902709961,maze1321_dim119.txt
0.83,0.17,0.13,20,7,0.1275336742401123,maze1321_dim119.txt
0.88,0.11,0.54,10,11,0.13085484504699707,maze1321_dim119.txt
0.89,0.52,0.19,17,9,0.1269235610961914,maze1321_dim119.txt
0.96,0.34,0.22,19,13,0.12617969512939453,maze1321_dim119.txt
0.83,0.27,0.61,4,9,0.12449216842651367,maze1321_dim119.txt
0.87,0.52,0.63,9,20,0.12391471862792969,maze1321_dim119.txt
0.97,0.53,0.67,5,17,0.12287521362304688,maze1321_dim119.txt
0.98,0.65,0.35,12,17,0.12946724891662598,maze1321_dim119.txt
0.85,0.3,0.81,4,6,0.12248873710632324,maze1321_dim119.txt
0.99,0.25,0.22,12,11,0.12563490867614746,maze1321_dim119.txt
0.93,0.42,0.25,9,19,0.12442207336425781,maze1321_dim119.txt
0.82,0.28,0.83,12,15,0.002083301544189453,maze79_dim16.txt
0.97,0.21,0.57,17,19,0.002145051956176758,maze79_dim16.txt
0.86,0.53,0.89,17,6,0.0021142959594726562,maze79_dim16.txt
0.9,0.43,0.89,9,13,0.002141714096069336,maze79_dim16.txt
0.97,0.46,0.58,9,14,0.0022470951080322266,maze79_dim16.txt
0.89,0.49,0.68,14,14,0.0020940303802490234,maze79_dim16.txt
0.98,0.26,0.72,8,13,0.002094268798828125,maze79_dim16.txt
0.87,0.58,0.41,8,9,0.0023453235626220703,maze79_dim16.txt
0.91,0.4,0.27,10,15,0.0021126270294189453,maze79_dim16.txt
0.97,0.31,0.16,18,16,0.002186298370361328,maze79_dim16.txt
0.88,0.51,0.1,12,11,0.002106189727783203,maze79_dim16.txt
0.94,0.29,0.6,19,8,0.002201080322265625,maze79_dim16.txt
0.96,0.39,0.51,17,8,0.0021657943725585938,maze79_dim16.txt
0.95,0.64,0.75,11,12,0.002172231674194336,maze79_dim16.txt
0.9,0.6,0.37,4,16,0.0022940635681152344,maze79_dim16.txt
0.84,0.23,0.45,10,6,0.002061605453491211,maze79_dim16.txt
0.83,0.39,0.51,12,10,0.002084493637084961,maze79_dim16.txt
0.94,0.11,0.46,17,14,0.002198457717895508,maze79_dim16.txt
0.84,0.64,0.72,9,18,0.002231597900390625,maze79_dim16.txt
0.95,0.54,0.8,16,7,0.0021054744720458984,maze79_dim16.txt
0.95,0.45,0.18,19,18,0.0021419525146484375,maze79_dim16.txt
0.83,0.4,0.68,17,14,0.0022330284118652344,maze79_dim16.txt
0.88,0.49,0.37,18,17,0.0021653175354003906,maze79_dim16.txt
0.91,0.35,0.24,5,12,0.002177715301513672,maze79_dim16.txt
0.94,0.34,0.26,15,15,0.002156972885131836,maze79_dim16.txt
0.9,0.14,0.28,16,8,0.002218961715698242,maze79_dim16.txt
0.96,0.42,0.13,9,15,0.002149820327758789,maze79_dim16.txt
1.0,0.23,0.21,13,8,0.002067089080810547,maze79_dim16.txt
0.91,0.68,0.5,9,13,0.0021042823791503906,maze79_dim16.txt
0.98,0.34,0.34,14,7,0.0020821094512939453,maze79_dim16.txt
0.83,0.62,0.4,15,11,0.08217048645019531,maze601_dim93.txt
0.99,0.21,0.39,13,13,0.08054757118225098,maze601_dim93.txt
0.81,0.53,0.51,13,9,0.0830233097076416,maze601_dim93.txt
0.9,0.38,0.49,19,14,0.08145856857299805,maze601_dim93.txt
0.81,0.2,0.47,5,9,0.07927465438842773,maze601_dim93.txt
0.83,0.41,0.65,12,6,0.08433747291564941,maze601_dim93.txt
0.85,0.22,0.28,12,16,0.08341121673583984,maze601_dim93.txt
0.86,0.44,0.65,4,18,0.08213090896606445,maze601_dim93.txt
0.99,0.37,0.76,14,20,0.08350586891174316,maze601_dim93.txt
0.91,0.54,0.66,9,8,0.0840754508972168,maze601_dim93.txt
0.89,0.66,0.24,17,6,0.08227276802062988,maze601_dim93.txt
0.94,0.23,0.65,13,9,0.08218860626220703,maze601_dim93.txt
0.96,0.49,0.37,16,14,0.08131694793701172,maze601_dim93.txt
0.98,0.58,0.89,10,14,0.08128142356872559,maze601_dim93.txt
0.96,0.37,0.45,10,8,0.08055686950683594,maze601_dim93.txt
0.98,0.55,0.3,18,19,0.08101606369018555,maze601_dim93.txt
0.9,0.6,0.64,8,16,0.08783197402954102,maze601_dim93.txt
0.92,0.37,0.27,13,18,0.08362770080566406,maze601_dim93.txt
0.94,0.18,0.11,7,14,0.08455395698547363,maze601_dim93.txt
0.81,0.12,0.4,4,18,0.07912373542785645,maze601_dim93.txt
0.84,0.32,0.43,7,17,0.08150362968444824,maze601_dim93.txt
0.85,0.52,0.86,11,15,0.08487129211425781,maze601_dim93.txt
0.84,0.69,0.83,16,16,0.08470368385314941,maze601_dim93.txt
0.84,0.33,0.37,20,18,0.08071279525756836,maze601_dim93.txt
0.91,0.33,0.35,4,9,0.08136296272277832,maze601_dim93.txt
0.81,0.2,0.38,4,19,0.08184289932250977,maze601_dim93.txt
0.96,0.53,0.64,13,15,0.08200812339782715,maze601_dim93.txt
0.97,0.14,0.89,10,11,0.08120036125183105,maze601_dim93.txt
0.81,0.19,0.16,6,20,0.08088135719299316,maze601_dim93.txt
0.9,0.62,0.62,14,20,0.08243846893310547,maze601_dim93.txt
0.96,0.65,0.73,14,9,0.04204893112182617,maze1248_dim69.txt
0.81,0.14,0.86,20,13,0.04133462905883789,maze1248_dim69.txt
0.9,0.27,0.9,18,13,0.04146862030029297,maze1248_dim69.txt
0.91,0.61,0.75,12,5,0.04205632209777832,maze1248_dim69.txt
0.82,0.14,0.4,10,14,0.04282999038696289,maze1248_dim69.txt
0.96,0.63,0.42,14,15,0.0435638427734375,maze1248_dim69.txt
0.93,0.37,0.56,14,19,0.04182243347167969,maze1248_dim69.txt
0.84,0.19,0.66,16,14,0.04125070571899414,maze1248_dim69.txt
0.96,0.14,0.89,12,5,0.04243302345275879,maze1248_dim69.txt
0.8,0.31,0.87,5,9,0.041869163513183594,maze1248_dim69.txt
0.94,0.63,0.2,10,19,0.04176473617553711,maze1248_dim69.txt
0.96,0.3,0.8,7,16,0.04225730895996094,maze1248_dim69.txt
0.88,0.61,0.85,9,14,0.042008399963378906,maze1248_dim69.txt
1.0,0.68,0.11,7,18,0.04250049591064453,maze1248_dim69.txt
0.82,0.46,0.32,14,20,0.043122053146362305,maze1248_dim69.txt
0.95,0.44,0.47,20,8,0.041530609130859375,maze1248_dim69.txt
0.99,0.44,0.4,18,17,0.04583263397216797,maze1248_dim69.txt
0.92,0.51,0.11,5,17,0.04179096221923828,maze1248_dim69.txt
0.9,0.53,0.78,7,5,0.042284250259399414,maze1248_dim69.txt
0.89,0.45,0.82,15,13,0.04462552070617676,maze1248_dim69.txt
0.96,0.3,0.84,3,19,0.04124164581298828,maze1248_dim69.txt
0.92,0.14,0.5,12,8,0.04323244094848633,maze1248_dim69.txt
0.91,0.57,0.49,6,15,0.04423165321350098,maze1248_dim69.txt
0.94,0.32,0.7,11,13,0.04243612289428711,maze1248_dim69.txt
1.0,0.69,0.23,19,6,0.04162430763244629,maze1248_dim69.txt
0.91,0.2,0.79,7,16,0.04457449913024902,maze1248_dim69.txt
0.86,0.47,0.6,16,9,0.0429692268371582,maze1248_dim69.txt
0.99,0.15,0.69,9,9,0.04223179817199707,maze1248_dim69.txt
0.91,0.22,0.47,5,6,0.04268240928649902,maze1248_dim69.txt
0.98,0.28,0.64,20,15,0.04167509078979492,maze1248_dim69.txt
0.81,0.46,0.44,5,8,0.029062986373901367,maze867_dim56.txt
0.84,0.19,0.43,10,19,0.02875828742980957,maze867_dim56.txt
0.94,0.19,0.79,8,9,0.02849268913269043,maze867_dim56.txt
0.98,0.24,0.19,12,11,0.029363393783569336,maze867_dim56.txt
0.9,0.61,0.5,3,9,0.028830766677856445,maze867_dim56.txt
0.96,0.12,0.61,5,19,0.028961181640625,maze867_dim56.txt
0.82,0.55,0.41,8,17,0.0306396484375,maze867_dim56.txt
0.95,0.35,0.42,4,15,0.028565406799316406,maze867_dim56.txt
0.82,0.52,0.39,18,13,0.030447959899902344,maze867_dim56.txt
0.99,0.46,0.4,3,20,0.03011035919189453,maze867_dim56.txt
0.84,0.42,0.38,11,16,0.029002904891967773,maze867_dim56.txt
0.83,0.48,0.7,13,13,0.028939247131347656,maze867_dim56.txt
0.82,0.66,0.52,8,9,0.028506755828857422,maze867_dim56.txt
0.98,0.14,0.2,20,6,0.028454065322875977,maze867_dim56.txt
0.96,0.53,0.82,16,10,0.030263423919677734,maze867_dim56.txt
0.82,0.39,0.25,13,20,0.03012561798095703,maze867_dim56.txt
0.89,0.11,0.47,20,13,0.029028654098510742,maze867_dim56.txt
0.88,0.48,0.18,19,9,0.029540538787841797,maze867_dim56.txt
0.92,0.23,0.5,9,6,0.028231143951416016,maze867_dim56.txt
0.87,0.3,0.16,9,13,0.029674291610717773,maze867_dim56.txt
0.88,0.15,0.11,14,18,0.029407501220703125,maze867_dim56.txt
0.81,0.67,0.31,3,10,0.02960038185119629,maze867_dim56.txt
0.89,0.6,0.58,5,13,0.03257036209106445,maze867_dim56.txt
0.82,0.21,0.78,6,6,0.028508663177490234,maze867_dim56.txt
0.99,0.19,0.27,10,18,0.02886819839477539,maze867_dim56.txt
0.99,0.34,0.51,4,9,0.0285186767578125,maze867_dim56.txt
0.85,0.2,0.86,13,19,0.030249357223510742,maze867_dim56.txt
0.9,0.62,0.59,4,13,0.029432296752929688,maze867_dim56.txt
1.0,0.43,0.17,20,8,0.028808116912841797,maze867_dim56.txt
0.86,0.25,0.44,3,5,0.028453350067138672,maze867_dim56.txt
0.81,0.31,0.51,6,12,0.03267931938171387,maze437_dim61.txt
0.91,0.21,0.38,13,14,0.0317080020904541,maze437_dim61.txt
0.89,0.61,0.73,7,11,0.03283262252807617,maze437_dim61.txt
0.98,0.51,0.72,16,8,0.031778573989868164,maze437_dim61.txt
0.99,0.26,0.6,7,20,0.03191709518432617,maze437_dim61.txt
0.94,0.27,0.13,20,12,0.03163790702819824,maze437_dim61.txt
0.94,0.28,0.3,16,5,0.03132128715515137,maze437_dim61.txt
0.83,0.59,0.25,12,17,0.031575679779052734,maze437_dim61.txt
0.83,0.46,0.88,3,15,0.032356977462768555,maze437_dim61.txt
0.81,0.55,0.84,18,20,0.03304600715637207,maze437_dim61.txt
0.82,0.18,0.49,14,13,0.03143596649169922,maze437_dim61.txt
0.96,0.42,0.23,5,7,0.032073974609375,maze437_dim61.txt
0.93,0.18,0.28,5,11,0.03067922592163086,maze437_dim61.txt
0.82,0.32,0.29,13,5,0.03316307067871094,maze437_dim61.txt
0.97,0.53,0.1,12,18,0.032323598861694336,maze437_dim61.txt
0.95,0.65,0.35,4,9,0.03169560432434082,maze437_dim61.txt
0.89,0.53,0.34,20,20,0.03211045265197754,maze437_dim61.txt
0.99,0.47,0.18,11,13,0.031552791595458984,maze437_dim61.txt
0.83,0.43,0.14,9,18,0.031775712966918945,maze437_dim61.txt
0.87,0.42,0.14,5,14,0.03139758110046387,maze437_dim61.txt
0.86,0.66,0.73,6,18,0.03332185745239258,maze437_dim61.txt
0.83,0.24,0.11,19,14,0.03320741653442383,maze437_dim61.txt
0.84,0.3,0.75,7,20,0.0343167781829834,maze437_dim61.txt
1.0,0.45,0.31,18,19,0.03171539306640625,maze437_dim61.txt
0.9,0.17,0.52,16,7,0.031125783920288086,maze437_dim61.txt
0.82,0.69,0.8,18,12,0.035643577575683594,maze437_dim61.txt
0.85,0.28,0.43,14,8,0.032160043716430664,maze437_dim61.txt
0.9,0.29,0.13,18,12,0.03093266487121582,maze437_dim61.txt
0.94,0.24,0.56,9,7,0.03220009803771973,maze437_dim61.txt
0.97,0.68,0.36,11,7,0.03260946273803711,maze437_dim61.txt
0.83,0.51,0.81,18,9,0.14039087295532227,maze1069_dim121.txt
0.81,0.22,0.27,20,20,0.1420917510986328,maze1069_dim121.txt
0.95,0.51,0.6,16,6,0.14696311950683594,maze1069_dim121.txt
0.91,0.55,0.7,3,10,0.14027738571166992,maze1069_dim121.txt
0.84,0.17,0.45,19,16,0.1387314796447754,maze1069_dim121.txt
0.85,0.27,0.32,3,7,0.13729405403137207,maze1069_dim121.txt
0.82,0.59,0.71,3,20,0.14402365684509277,maze1069_dim121.txt
0.97,0.51,0.78,9,5,0.1434948444366455,maze1069_dim121.txt
0.91,0.39,0.67,17,11,0.14389872550964355,maze1069_dim121.txt
0.86,0.16,0.16,4,7,0.1413249969482422,maze1069_dim121.txt
1.0,0.27,0.27,9,11,0.14532995223999023,maze1069_dim121.txt
0.96,0.18,0.72,10,18,0.14197754859924316,maze1069_dim121.txt
0.9,0.12,0.16,14,15,0.14311695098876953,maze1069_dim121.txt
0.95,0.19,0.31,18,13,0.14409923553466797,maze1069_dim121.txt
1.0,0.38,0.71,14,7,0.14304113388061523,maze1069_dim121.txt
0.97,0.35,0.11,11,12,0.14065241813659668,maze1069_dim121.txt
0.9,0.23,0.22,11,6,0.13756918907165527,maze1069_dim121.txt
0.93,0.54,0.67,8,18,0.1629171371459961,maze1069_dim121.txt
0.98,0.17,0.1,16,16,0.14060640335083008,maze1069_dim121.txt
0.83,0.49,0.64,15,12,0.14131855964660645,maze1069_dim121.txt
0.81,0.23,0.85,14,9,0.14559435844421387,maze1069_dim121.txt
0.84,0.39,0.11,15,19,0.15614891052246094,maze1069_dim121.txt
0.81,0.31,0.84,7,13,0.14833378791809082,maze1069_dim121.txt
1.0,0.14,0.79,6,20,0.13953065872192383,maze1069_dim121.txt
0.9,0.69,0.23,17,18,0.14048337936401367,maze1069_dim121.txt
0.93,0.63,0.45,11,18,0.1395585536956787,maze1069_dim121.txt
0.98,0.17,0.38,7,19,0.14658260345458984,maze1069_dim121.txt
0.93,0.6,0.64,10,16,0.14960169792175293,maze1069_dim121.txt
0.88,0.52,0.87,14,20,0.14325833320617676,maze1069_dim121.txt
0.82,0.24,0.63,6,18,0.14609456062316895,maze1069_dim121.txt
0.98,0.64,0.6,10,8,0.10276341438293457,maze232_dim105.txt
0.9,0.32,0.76,15,8,0.10155892372131348,maze232_dim105.txt
0.92,0.28,0.11,18,6,0.09768033027648926,maze232_dim105.txt
0.8,0.51,0.32,11,19,0.0989830493927002,maze232_dim105.txt
0.8,0.58,0.11,3,19,0.10606503486633301,maze232_dim105.txt
0.84,0.21,0.73,13,10,0.10677385330200195,maze232_dim105.txt
1.0,0.7,0.2,10,6,0.10545492172241211,maze232_dim105.txt
0.84,0.63,0.45,3,6,0.1045081615447998,maze232_dim105.txt
0.93,0.34,0.2,7,14,0.10217571258544922,maze232_dim105.txt
0.86,0.24,0.27,15,17,0.10000801086425781,maze232_dim105.txt
0.91,0.47,0.19,12,11,0.10129666328430176,maze232_dim105.txt
0.91,0.25,0.5,15,7,0.09992074966430664,maze232_dim105.txt
0.8,0.2,0.43,10,19,0.10072636604309082,maze232_dim105.txt
0.9,0.28,0.77,12,11,0.10390424728393555,maze232_dim105.txt
0.91,0.17,0.55,7,11,0.09868168830871582,maze232_dim105.txt
1.0,0.35,0.61,10,12,0.1048130989074707,maze232_dim105.txt
0.95,0.35,0.9,18,14,0.10162854194641113,maze232_dim105.txt
0.82,0.18,0.43,17,6,0.10527920722961426,maze232_dim105.txt
0.93,0.29,0.63,12,14,0.09940361976623535,maze232_dim105.txt
1.0,0.59,0.35,18,10,0.10038948059082031,maze232_dim105.txt
1.0,0.22,0.58,16,20,0.1092691421508789,maze232_dim105.txt
0.94,0.32,0.71,8,14,0.10000157356262207,maze232_dim105.txt
0.95,0.14,0.15,12,16,0.09700679779052734,maze232_dim105.txt
0.8,0.33,0.45,17,20,0.1007835865020752,maze232_dim105.txt
0.96,0.25,0.76,12,11,0.10081982612609863,maze232_dim105.txt
0.91,0.41,0.27,18,7,0.10905337333679199,maze232_dim105.txt
0.9,0.53,0.74,5,20,0.10499739646911621,maze232_dim105.txt
0.89,0.28,0.64,18,6,0.10106396675109863,maze232_dim105.txt
0.96,0.49,0.15,6,10,0.10289931297302246,maze232_dim105.txt
0.87,0.67,0.25,18,10,0.10068583488464355,maze232_dim105.txt
0.89,0.31,0.89,18,10,0.22319507598876953,maze1060_dim149.txt
0.88,0.58,0.59,16,12,0.2250673770904541,maze1060_dim149.txt
0.99,0.16,0.44,11,11,0.22064828872680664,maze1060_dim149.txt
0.89,0.14,0.19,17,18,0.22004914283752441,maze1060_dim149.txt
0.86,0.65,0.69,19,20,0.2245938777923584,maze1060_dim149.txt
0.93,0.27,0.21,12,17,0.23183274269104004,maze1060_dim149.txt
0.81,0.58,0.26,15,19,0.22984600067138672,maze1060_dim149.txt
0.92,0.18,0.53,17,10,0.2290499210357666,maze1060_dim149.txt
0.97,0.27,0.78,11,10,0.22487425804138184,maze1060_dim149.txt
0.89,0.54,0.39,9,12,0.22680401802062988,maze1060_dim149.txt
0.9,0.6,0.74,14,15,0.23143410682678223,maze1060_dim149.txt
0.98,0.17,0.72,4,8,0.2273406982421875,maze1060_dim149.txt
0.9,0.39,0.45,13,12,0.23120880126953125,maze1060_dim149.txt
0.86,0.21,0.83,9,18,0.2354738712310791,maze1060_dim149.txt
0.88,0.23,0.83,10,19,0.2316439151763916,maze1060_dim149.txt
0.88,0.58,0.3,3,7,0.23321938514709473,maze1060_dim149.txt
0.81,0.52,0.85,16,13,0.22678732872009277,maze1060_dim149.txt
0.85,0.43,0.76,9,14,0.21947479248046875,maze1060_dim149.txt
0.93,0.57,0.15,6,20,0.23229360580444336,maze1060_dim149.txt
0.94,0.13,0.36,17,12,0.22630906105041504,maze1060_dim149.txt
0.98,0.58,0.52,5,10,0.23373055458068848,maze1060_dim149.txt
0.98,0.64,0.68,4,19,0.29473042488098145,maze1060_dim149.txt
0.92,0.69,0.64,9,12,0.22793269157409668,maze1060_dim149.txt
0.84,0.49,0.11,10,8,0.22869110107421875,maze1060_dim149.txt
0.83,0.39,0.75,19,12,0.22619199752807617,maze1060_dim149.txt
0.98,0.58,0.58,15,14,0.2306063175201416,maze1060_dim149.txt
0.85,0.15,0.71,7,14,0.2215118408203125,maze1060_dim149.txt
0.92,0.15,0.13,10,16,0.2273108959197998,maze1060_dim149.txt
0.91,0.68,0.56,5,16,0.23050761222839355,maze1060_dim149.txt
0.84,0.7,0.15,8,19,0.23946762084960938,maze1060_dim149.txt
0.83,0.5,0.84,19,14,0.09503579139709473,maze28_dim100.txt
0.92,0.67,0.76,17,11,0.0945279598236084,maze28_dim100.txt
0.84,0.62,0.69,4,10,0.09605097770690918,maze28_dim100.txt
0.83,0.53,0.43,18,8,0.09699392318725586,maze28_dim100.txt
0.83,0.55,0.32,11,6,0.09576129913330078,maze28_dim100.txt
0.82,0.52,0.11,9,13,0.09912991523742676,maze28_dim100.txt
0.98,0.19,0.62,14,8,0.09514355659484863,maze28_dim100.txt
0.99,0.62,0.21,7,10,0.09659600257873535,maze28_dim100.txt
0.96,0.64,0.79,17,16,0.09709620475769043,maze28_dim100.txt
0.9,0.55,0.41,8,17,0.09740424156188965,maze28_dim100.txt
0.84,0.65,0.26,14,18,0.09850883483886719,maze28_dim100.txt
1.0,0.24,0.8,19,10,0.09577775001525879,maze28_dim100.txt
0.96,0.34,0.32,6,8,0.0977318286895752,maze28_dim100.txt
0.86,0.18,0.29,13,8,0.09576606750488281,maze28_dim100.txt
0.84,0.65,0.38,11,9,0.09507107734680176,maze28_dim100.txt
0.97,0.39,0.69,10,8,0.09324812889099121,maze28_dim100.txt
0.81,0.27,0.75,13,7,0.09365344047546387,maze28_dim100.txt
0.97,0.35,0.73,19,11,0.09649014472961426,maze28_dim100.txt
0.94,0.44,0.15,15,12,0.09464550018310547,maze28_dim100.txt
0.94,0.42,0.1,13,10,0.09334564208984375,maze28_dim100.txt
0.87,0.47,0.15,10,19,0.09629988670349121,maze28_dim100.txt
0.98,0.44,0.51,4,17,0.10261082649230957,maze28_dim100.txt
0.96,0.61,0.52,16,5,0.09683895111083984,maze28_dim100.txt
0.81,0.55,0.24,11,7,0.09551477432250977,maze28_dim100.txt
0.89,0.41,0.2,9,5,0.09719252586364746,maze28_dim100.txt
0.85,0.24,0.38,17,8,0.0982670783996582,maze28_dim100.txt
0.83,0.51,0.18,17,8,0.09791207313537598,maze28_dim100.txt
1.0,0.58,0.73,9,8,0.09613513946533203,maze28_dim100.txt
0.91,0.56,0.44,5,17,0.11552596092224121,maze28_dim100.txt
0.96,0.5,0.1,4,7,0.09807205200195312,maze28_dim100.txt
0.95,0.31,0.36,14,12,0.008997440338134766,maze860_dim32.txt
0.93,0.21,0.7,3,17,0.009203433990478516,maze860_dim32.txt
0.89,0.55,0.26,7,13,0.00920414924621582,maze860_dim32.txt
0.82,0.35,0.71,17,14,0.009128332138061523,maze860_dim32.txt
0.99,0.1,0.61,20,10,0.00872349739074707,maze860_dim32.txt
0.9,0.29,0.84,13,14,0.009895801544189453,maze860_dim32.txt
0.82,0.16,0.57,20,8,0.00881648063659668,maze860_dim32.txt
0.93,0.28,0.2,8,18,0.008975982666015625,maze860_dim32.txt
0.86,0.23,0.52,17,18,0.0090789794921875,maze860_dim32.txt
0.98,0.49,0.8,3,19,0.010263442993164062,maze860_dim32.txt
0.97,0.43,0.71,12,5,0.008802175521850586,maze860_dim32.txt
0.99,0.13,0.84,15,15,0.00935673713684082,maze860_dim32.txt
0.85,0.27,0.55,5,5,0.00863027572631836,maze860_dim32.txt
0.95,0.48,0.13,14,12,0.009221315383911133,maze860_dim32.txt
0.97,0.51,0.5,12,14,0.009335517883300781,maze860_dim32.txt
0.9,0.52,0.74,18,14,0.009599447250366211,maze860_dim32.txt
0.98,0.64,0.89,18,12,0.009074211120605469,maze860_dim32.txt
0.87,0.36,0.4,20,12,0.009081602096557617,maze860_dim32.txt
0.89,0.35,0.24,11,8,0.009068489074707031,maze860_dim32.txt
0.93,0.2,0.3,10,9,0.008812665939331055,maze860_dim32.txt
0.91,0.68,0.75,11,18,0.009511232376098633,maze860_dim32.txt
0.9,0.46,0.64,3,6,0.008977413177490234,maze860_dim32.txt
0.86,0.66,0.77,10,20,0.010303735733032227,maze860_dim32.txt
0.99,0.36,0.52,16,18,0.00950479507446289,maze860_dim32.txt
0.92,0.57,0.75,17,10,0.009422540664672852,maze860_dim32.txt
0.82,0.1,0.66,8,14,0.008815765380859375,maze860_dim32.txt
0.89,0.27,0.77,17,14,0.009041070938110352,maze860_dim32.txt
0.82,0.6,0.75,7,6,0.009503602981567383,maze860_dim32.txt
0.98,0.31,0.82,11,10,0.009050607681274414,maze860_dim32.txt
0.85,0.65,0.34,18,17,0.009544134140014648,maze860_dim32.txt
0.9,0.4,0.65,14,16,0.03316330909729004,maze259_dim59.txt
0.98,0.13,0.22,11,16,0.028629541397094727,maze259_dim59.txt
0.87,0.48,0.47,9,16,0.0295412540435791,maze259_dim59.txt
0.84,0.42,0.25,18,8,0.028714895248413086,maze259_dim59.txt
0.96,0.36,0.24,20,15,0.029097557067871094,maze259_dim59.txt
0.82,0.41,0.63,4,6,0.029734373092651367,maze259_dim59.txt
0.95,0.19,0.57,7,12,0.031445980072021484,maze259_dim59.txt
0.96,0.55,0.38,3,11,0.031020164489746094,maze259_dim59.txt
1.0,0.32,0.51,13,9,0.029152393341064453,maze259_dim59.txt
0.84,0.54,0.79,19,20,0.029727458953857422,maze259_dim59.txt
0.95,0.47,0.53,9,19,0.0295562744140625,maze259_dim59.txt
0.88,0.29,0.15,10,20,0.03281116485595703,maze259_dim59.txt
0.88,0.59,0.77,16,5,0.029582977294921875,maze259_dim59.txt
0.92,0.58,0.14,13,13,0.029514312744140625,maze259_dim59.txt
0.93,0.29,0.31,20,20,0.030375957489013672,maze259_dim59.txt
0.82,0.15,0.87,6,12,0.02924823760986328,maze259_dim59.txt
0.8,0.16,0.25,8,12,0.03283214569091797,maze259_dim59.txt
0.8,0.58,0.53,13,7,0.02977275848388672,maze259_dim59.txt
0.81,0.66,0.4,19,19,0.029010772705078125,maze259_dim59.txt
0.84,0.17,0.26,20,10,0.029269933700561523,maze259_dim59.txt
0.9,0.28,0.21,3,10,0.031093120574951172,maze259_dim59.txt
0.9,0.67,0.45,19,5,0.02906513214111328,maze259_dim59.txt
0.84,0.49,0.75,7,9,0.029187440872192383,maze259_dim59.txt
0.91,0.48,0.14,9,7,0.029505252838134766,maze259_dim59.txt
0.83,0.32,0.46,5,9,0.029153823852539062,maze259_dim59.txt
1.0,0.58,0.54,13,9,0.029451847076416016,maze259_dim59.txt
0.89,0.47,0.53,15,18,0.029344558715820312,maze259_dim59.txt
0.96,0.51,0.26,11,9,0.03130364418029785,maze259_dim59.txt
0.93,0.68,0.27,4,7,0.028937101364135742,maze259_dim59.txt
0.99,0.67,0.85,20,14,0.02971172332763672,maze259_dim59.txt
0.89,0.35,0.61,7,16,0.044928550720214844,maze960_dim72.txt
0.94,0.55,0.62,4,15,0.04618120193481445,maze960_dim72.txt
0.94,0.42,0.78,19,5,0.04508161544799805,maze960_dim72.txt
0.83,0.24,0.65,18,5,0.04683637619018555,maze960_dim72.txt
0.97,0.36,0.7,14,7,0.04587364196777344,maze960_dim72.txt
0.91,0.68,0.69,17,9,0.04639101028442383,maze960_dim72.txt
0.96,0.48,0.44,10,6,0.04450511932373047,maze960_dim72.txt
0.89,0.18,0.38,16,14,0.048043251037597656,maze960_dim72.txt
0.94,0.45,0.38,20,20,0.046234130859375,maze960_dim72.txt
0.88,0.33,0.36,17,13,0.04538416862487793,maze960_dim72.txt
0.83,0.28,0.34,10,18,0.045148372650146484,maze960_dim72.txt
0.92,0.13,0.82,18,13,0.04538893699645996,maze960_dim72.txt
0.8,0.22,0.8,15,19,0.045976877212524414,maze960_dim72.txt
0.86,0.31,0.65,18,10,0.0465693473815918,maze960_dim72.txt
0.8,0.14,0.15,19,11,0.04425311088562012,maze960_dim72.txt
0.89,0.64,0.74,3,14,0.04683732986450195,maze960_dim72.txt
0.91,0.55,0.53,18,6,0.04520726203918457,maze960_dim72.txt
0.88,0.29,0.72,4,18,0.04527568817138672,maze960_dim72.txt
0.85,0.67,0.73,3,10,0.04612302780151367,maze960_dim72.txt
0.96,0.61,0.44,3,17,0.046173810958862305,maze960_dim72.txt
0.99,0.49,0.57,19,13,0.05155181884765625,maze960_dim72.txt
0.86,0.35,0.42,15,18,0.04535031318664551,maze960_dim72.txt
0.83,0.64,0.2,6,17,0.04563736915588379,maze960_dim72.txt
0.89,0.16,0.3,11,6,0.047415971755981445,maze960_dim72.txt
0.95,0.18,0.41,7,8,0.045867204666137695,maze960_dim72.txt
0.83,0.41,0.49,11,19,0.04559731483459473,maze960_dim72.txt
0.96,0.11,0.65,8,20,0.0491633415222168,maze960_dim72.txt
0.81,0.37,0.72,17,20,0.04564356803894043,maze960_dim72.txt
0.87,0.31,0.5,4,18,0.04446768760681152,maze960_dim72.txt
0.89,0.21,0.64,10,18,0.045409440994262695,maze960_dim72.txt
0.87,0.24,0.1,5,13,0.01442408561706543,maze1455_dim39.txt
0.99,0.45,0.87,10,9,0.014345645904541016,maze1455_dim39.txt
0.86,0.33,0.45,16,10,0.01388239860534668,maze1455_dim39.txt
0.81,0.66,0.48,20,13,0.014404773712158203,maze1455_dim39.txt
0.8,0.58,0.65,4,15,0.01472783088684082,maze1455_dim39.txt
0.89,0.23,0.25,11,5,0.014532089233398438,maze1455_dim39.txt
0.9,0.48,0.3,4,19,0.015416860580444336,maze1455_dim39.txt
0.81,0.61,0.7,7,9,0.014237403869628906,maze1455_dim39.txt
0.99,0.37,0.13,9,18,0.013936281204223633,maze1455_dim39.txt
0.86,0.5,0.65,9,16,0.01463007926940918,maze1455_dim39.txt
0.99,0.56,0.84,17,9,0.015264511108398438,maze1455_dim39.txt
0.86,0.46,0.84,15,7,0.014010190963745117,maze1455_dim39.txt
0.83,0.17,0.2,9,6,0.014648675918579102,maze1455_dim39.txt
0.97,0.26,0.28,14,5,0.014162063598632812,maze1455_dim39.txt
0.81,0.34,0.65,10,7,0.013602495193481445,maze1455_dim39.txt
0.89,0.42,0.8,9,20,0.014313697814941406,maze1455_dim39.txt
0.93,0.61,0.6,14,19,0.014641284942626953,maze1455_dim39.txt
0.84,0.31,0.89,11,9,0.013702630996704102,maze1455_dim39.txt
0.91,0.29,0.39,3,9,0.014734029769897461,maze1455_dim39.txt
0.98,0.11,0.65,6,5,0.013509750366210938,maze1455_dim39.txt
0.82,0.43,0.58,12,16,0.014331817626953125,maze1455_dim39.txt
0.93,0.39,0.14,10,18,0.015405416488647461,maze1455_dim39.txt
0.99,0.52,0.83,11,18,0.014776468276977539,maze1455_dim39.txt
0.86,0.2,0.57,20,9,0.014970541000366211,maze1455_dim39.txt
0.91,0.5,0.19,19,5,0.013810396194458008,maze1455_dim39.txt
0.92,0.52,0.74,18,7,0.014188289642333984,maze1455_dim39.txt
0.83,0.22,0.29,17,10,0.015064477920532227,maze1455_dim39.txt
0.84,0.59,0.37,8,7,0.01400136947631836,maze1455_dim39.txt
0.88,0.26,0.29,4,16,0.013912439346313477,maze1455_dim39.txt
0.98,0.29,0.27,11,15,0.014238119125366211,maze1455_dim39.txt
0.9,0.45,0.49,17,7,0.006170988082885742,maze1106_dim28.txt
0.85,0.47,0.25,13,20,0.00640416145324707,maze1106_dim28.txt
0.94,0.23,0.86,3,10,0.006186246871948242,maze1106_dim28.txt
1.0,0.54,0.75,19,18,0.006400585174560547,maze1106_dim28.txt
0.93,0.66,0.1,8,14,0.006636619567871094,maze1106_dim28.txt
0.9,0.66,0.12,3,19,0.00626063346862793,maze1106_dim28.txt
0.82,0.65,0.45,13,13,0.00635981559753418,maze1106_dim28.txt
0.95,0.47,0.36,12,15,0.006850719451904297,maze1106_dim28.txt
1.0,0.12,0.76,9,18,0.006683826446533203,maze1106_dim28.txt
0.81,0.62,0.77,16,14,0.006226539611816406,maze1106_dim28.txt
0.85,0.3,0.83,10,19,0.0064198970794677734,maze1106_dim28.txt
0.88,0.17,0.55,16,17,0.006286144256591797,maze1106_dim28.txt
0.95,0.35,0.76,8,7,0.006186962127685547,maze1106_dim28.txt
0.92,0.48,0.88,11,17,0.0063953399658203125,maze1106_dim28.txt
0.97,0.64,0.62,11,8,0.006320953369140625,maze1106_dim28.txt
0.83,0.12,0.22,15,19,0.006102561950683594,maze1106_dim28.txt
0.84,0.19,0.37,15,10,0.006056785583496094,maze1106_dim28.txt
0.89,0.26,0.52,12,20,0.007760763168334961,maze1106_dim28.txt
0.95,0.18,0.74,9,17,0.006038188934326172,maze1106_dim28.txt
0.97,0.42,0.38,20,16,0.0070950984954833984,maze1106_dim28.txt
0.9,0.57,0.62,3,6,0.006212949752807617,maze1106_dim28.txt
0.9,0.58,0.7,16,9,0.006364583969116211,maze1106_dim28.txt
0.96,0.14,0.66,8,14,0.0060901641845703125,maze1106_dim28.txt
0.94,0.6,0.66,5,12,0.0063169002532958984,maze1106_dim28.txt
0.93,0.5,0.41,12,15,0.006396055221557617,maze1106_dim28.txt
0.88,0.34,0.44,20,8,0.00616765022277832,maze1106_dim28.txt
0.88,0.53,0.47,10,12,0.006381988525390625,maze1106_dim28.txt
0.9,0.51,0.25,12,13,0.006231069564819336,maze1106_dim28.txt
0.82,0.19,0.33,9,17,0.006145954132080078,maze1106_dim28.txt
0.85,0.46,0.13,6,19,0.009482860565185547,maze1106_dim28.txt
0.81,0.14,0.64,15,14,0.0334012508392334,maze1191_dim62.txt
0.82,0.46,0.41,15,15,0.03775334358215332,maze1191_dim62.txt
0.84,0.48,0.31,3,17,0.03377985954284668,maze1191_dim62.txt
0.95,0.32,0.82,12,18,0.033991098403930664,maze1191_dim62.txt
0.9,0.18,0.84,18,11,0.034271955490112305,maze1191_dim62.txt
0.81,0.26,0.43,11,19,0.03289985656738281,maze1191_dim62.txt
0.91,0.47,0.12,4,5,0.03298497200012207,maze1191_dim62.txt
0.83,0.39,0.56,11,20,0.03465151786804199,maze1191_dim62.txt
0.97,0.5,0.67,16,9,0.03415060043334961,maze1191_dim62.txt
0.87,0.29,0.89,19,13,0.03334617614746094,maze1191_dim62.txt
0.85,0.23,0.86,15,5,0.0334782600402832,maze1191_dim62.txt
0.84,0.22,0.56,7,11,0.033651113510131836,maze1191_dim62.txt
0.97,0.39,0.22,5,10,0.03302407264709473,maze1191_dim62.txt
0.91,0.5,0.2,11,11,0.03414106369018555,maze1191_dim62.txt
0.99,0.43,0.1,20,10,0.033585309982299805,maze1191_dim62.txt
0.84,0.59,0.39,18,20,0.037363290786743164,maze1191_dim62.txt
0.85,0.32,0.37,8,12,0.03261590003967285,maze1191_dim62.txt
0.96,0.18,0.32,11,9,0.03302359580993652,maze1191_dim62.txt
0.9,0.35,0.73,11,6,0.032399654388427734,maze1191_dim62.txt
0.86,0.49,0.62,4,16,0.0330352783203125,maze1191_dim62.txt
0.9,0.11,0.64,14,17,0.032424211502075195,maze1191_dim62.txt
0.99,0.4,0.75,8,12,0.04441690444946289,maze1191_dim62.txt
0.85,0.47,0.3,20,19,0.05126619338989258,maze1191_dim62.txt
0.84,0.46,0.66,15,13,0.03313398361206055,maze1191_dim62.txt
0.89,0.36,0.38,7,17,0.034044504165649414,maze1191_dim62.txt
0.85,0.2,0.32,14,7,0.033234357833862305,maze1191_dim62.txt
0.85,0.17,0.77,14,5,0.034737348556518555,maze1191_dim62.txt
0.86,0.15,0.71,18,13,0.038898468017578125,maze1191_dim62.txt
0.81,0.55,0.63,7,17,0.033255577087402344,maze1191_dim62.txt
0.9,0.58,0.12,15,11,0.03532600402832031,maze1191_dim62.txt
0.85,0.18,0.35,15,20,0.02055668830871582,maze872_dim49.txt
0.85,0.18,0.86,14,20,0.021724939346313477,maze872_dim49.txt
0.94,0.33,0.61,12,15,0.02214646339416504,maze872_dim49.txt
0.92,0.39,0.82,10,8,0.020754575729370117,maze872_dim49.txt
0.95,0.22,0.11,4,17,0.023055553436279297,maze872_dim49.txt
0.98,0.32,0.19,13,13,0.02146601676940918,maze872_dim49.txt
0.81,0.45,0.63,17,20,0.023628950119018555,maze872_dim49.txt
0.99,0.52,0.82,16,7,0.020900249481201172,maze872_dim49.txt
0.92,0.6,0.12,5,13,0.02100372314453125,maze872_dim49.txt
0.84,0.21,0.87,3,10,0.020846843719482422,maze872_dim49.txt
0.96,0.42,0.84,20,12,0.02033543586730957,maze872_dim49.txt
0.92,0.1,0.45,12,7,0.021518468856811523,maze872_dim49.txt
0.99,0.16,0.28,18,8,0.020399093627929688,maze872_dim49.txt
0.91,0.7,0.77,17,18,0.0220339298248291,maze872_dim49.txt
0.88,0.39,0.53,11,15,0.020168304443359375,maze872_dim49.txt
0.83,0.58,0.79,17,8,0.0208587646484375,maze872_dim49.txt
0.84,0.19,0.56,19,14,0.020577669143676758,maze872_dim49.txt
0.89,0.29,0.59,7,11,0.021511554718017578,maze872_dim49.txt
0.94,0.51,0.11,15,7,0.020919084548950195,maze872_dim49.txt
0.95,0.54,0.12,3,9,0.02333998680114746,maze872_dim49.txt
0.81,0.31,0.44,7,19,0.02287602424621582,maze872_dim49.txt
0.94,0.34,0.36,11,12,0.020884990692138672,maze872_dim49.txt
0.87,0.62,0.61,10,18,0.021106481552124023,maze872_dim49.txt
0.94,0.11,0.75,19,9,0.020380496978759766,maze872_dim49.txt
0.86,0.22,0.32,16,14,0.022034406661987305,maze872_dim49.txt
1.0,0.47,0.74,17,17,0.022112607955932617,maze872_dim49.txt
0.88,0.39,0.46,17,5,0.020386219024658203,maze872_dim49.txt
0.94,0.55,0.34,7,11,0.021414756774902344,maze872_dim49.txt
0.96,0.27,0.86,3,13,0.02121138572692871,maze872_dim49.txt
0.97,0.14,0.76,11,18,0.021317243576049805,maze872_dim49.txt
